xAxis;SOLL;Rauschen;SollPlusRauschen;IST
0,17;-134;-9,214363672;-143,2143637;-131,6915301
0,18;-132;-4,238825113;-136,2388251;-108,2756113
0,19;-132;-0,618115337;-132,6181153;-125,3790457
0,2;-134;3,511365776;-130,4886342;-126,338245
0,21;-134;4,221260497;-129,7787395;-94,86912582
0,22;-135;8,014603736;-126,9853963;-108,1658474
0,23;-135;-13,8810492;-148,8810492;-126,038919
0,24;-135;10,3984803;-124,6015197;-110,6708687
0,25;-135;-11,63175511;-146,6317551;-136,9006504
0,26;-135;-0,043223736;-135,0432237;-135,3598754
0,27;-135;1,005741979;-133,994258;-130,0495405
0,28;-135;-9,100358511;-144,1003585;-118,2901264
0,29;-135;3,387151537;-131,6128485;-109,9065293
0,3;-134;3,251352609;-130,7486474;-116,1693212
0,31;-132;4,542096121;-127,4579039;-124,68766
0,32;-132;5,310039342;-126,6899607;-115,8714276
0,33;-132;8,748338587;-123,2516614;-108,382727
0,34;-134;-4,467585768;-138,4675858;-131,4114739
0,35;-132;1,104967851;-130,8950321;-127,5511691
0,36;-133;-7,920039025;-140,920039;-111,3741915
0,37;-132;10,02608769;-121,9739123;-136,6771056
0,38;-132;6,806249075;-125,1937509;-143,2143637
0,39;-132;-21,3034582;-153,3034582;-136,2388251
0,4;-130;2,933575161;-127,0664248;-132,6181153
0,41;-129;-22,75282895;-151,752829;-130,4886342
0,42;-128;3,42849944;-124,5715006;-129,7787395
0,43;-127;4,361334049;-122,638666;-126,9853963
0,44;-129;-3,81899099;-132,818991;-148,8810492
0,45;-128;18,00899554;-109,9910045;-124,6015197
0,46;-128;2,170747848;-125,8292522;-146,6317551
0,47;-127;0,272746092;-126,7272539;-135,0432237
0,48;-127;-3,831337381;-130,8313374;-133,994258
0,49;-127;0,729289695;-126,2707103;-144,1003585
0,5;-127;7,481662578;-119,5183374;-131,6128485
0,51;-126;2,230308382;-123,7696916;-130,7486474
0,52;-124;-3,719617325;-127,7196173;-127,4579039
0,53;-123;-3,671289051;-126,6712891;-126,6899607
0,54;-123;-11,61070031;-134,6107003;-123,2516614
0,55;-122;20,26372385;-101,7362761;-138,4675858
0,56;-121;-17,01064321;-138,0106432;-130,8950321
0,57;-121;-9,889186003;-130,889186;-140,920039
0,58;-122;5,956508176;-116,0434918;-121,9739123
0,59;-122;-7,592439033;-129,592439;-125,1937509
0,6;-122;11,37966592;-110,6203341;-153,3034582
0,61;-121;10,2731974;-110,7268026;-127,0664248
0,62;-121;1,763601176;-119,2363988;-151,752829
0,63;-119;5,93004188;-113,0699581;-124,5715006
0,64;-120;-24,02193786;-144,0219379;-122,638666
0,65;-120;-5,100673661;-125,1006737;-132,818991
0,66;-119;-5,173126283;-124,1731263;-109,9910045
0,67;-119;-11,64680725;-130,6468073;-125,8292522
0,68;-118;-5,273955139;-123,2739551;-126,7272539
0,69;-118;-10,5427489;-128,5427489;-130,8313374
0,7;-117;-11,83270797;-128,832708;-126,2707103
0,71;-117;-7,610822195;-124,6108222;-119,5183374
0,72;-117;3,998172815;-113,0018272;-123,7696916
0,73;-116;-9,283598956;-125,283599;-127,7196173
0,74;-116;-0,340105544;-116,3401055;-126,6712891
0,75;-114;-1,028797669;-115,0287977;-134,6107003
0,76;-113;7,271796676;-105,7282033;-101,7362761
0,77;-115;11,50774551;-103,4922545;-138,0106432
0,78;-115;9,818336366;-105,1816636;-130,889186
0,79;-116;-1,326156962;-117,326157;-116,0434918
0,8;-115;1,306091235;-113,6939088;-129,592439
0,81;-113;4,136950338;-108,8630497;-110,6203341
0,82;-114;11,61972705;-102,380273;-110,7268026
0,83;-114;4,377329788;-109,6226702;-119,2363988
0,84;-113;-6,54622454;-119,5462245;-113,0699581
0,85;-113;-7,215112419;-120,2151124;-144,0219379
0,86;-113;5,018955562;-107,9810444;-125,1006737
0,87;-113;8,288702702;-104,7112973;-124,1731263
0,88;-114;2,331591986;-111,668408;-130,6468073
0,89;-114;7,753646969;-106,246353;-123,2739551
0,9;-112;-5,805554792;-117,8055548;-128,5427489
0,91;-112;5,23093604;-106,769064;-128,832708
0,92;-114;9,871746443;-104,1282536;-124,6108222
0,93;-114;-5,606591458;-119,6065915;-113,0018272
0,94;-114;5,035440154;-108,9645598;-125,283599
0,95;-114;4,413550414;-109,5864496;-116,3401055
0,96;-114;-5,266929293;-119,2669293;-115,0287977
0,97;-113;8,434108167;-104,5658918;-105,7282033
0,98;-113;-2,188767212;-115,1887672;-103,4922545
0,99;-112;12,16585588;-99,83414412;-105,1816636
1;-112;-18,40212462;-130,4021246;-117,326157
1,01;-112;10,97532731;-101,0246727;-113,6939088
1,02;-112;-9,988229976;-121,98823;-108,8630497
1,03;-112;4,111120688;-107,8888793;-102,380273
1,04;-112;-6,711081824;-118,7110818;-109,6226702
1,05;-112;15,7244358;-96,2755642;-119,5462245
1,06;-112;6,285881682;-105,7141183;-120,2151124
1,07;-112;-0,798343081;-112,7983431;-107,9810444
1,08;-112;-5,222159416;-117,2221594;-104,7112973
1,09;-112;-12,6822215;-124,6822215;-111,668408
1,1;-113;-11,88527676;-124,8852768;-106,246353
1,11;-113;-3,592026587;-116,5920266;-117,8055548
1,12;-115;3,357195055;-111,6428049;-106,769064
1,13;-115;6,337234026;-108,662766;-104,1282536
1,14;-115;-2,364618013;-117,364618;-119,6065915
1,15;-115;5,158267413;-109,8417326;-108,9645598
1,16;-115;3,992374786;-111,0076252;-109,5864496
1,17;-115;2,741626304;-112,2583737;-119,2669293
1,18;-115;9,153723113;-105,8462769;-104,5658918
1,19;-116;8,980623534;-107,0193765;-115,1887672
1,2;-115;13,12000677;-101,8799932;-99,83414412
1,21;-115;27,45437087;-87,54562913;-130,4021246
1,22;-114;-3,315938102;-117,3159381;-101,0246727
1,23;-114;2,790909548;-111,2090905;-121,98823
1,24;-114;-2,524620868;-116,5246209;-107,8888793
1,25;-116;-7,158655535;-123,1586555;-118,7110818
1,26;-116;-2,808405952;-118,808406;-96,2755642
1,27;-116;2,148044587;-113,8519554;-105,7141183
1,28;-117;3,044760888;-113,9552391;-112,7983431
1,29;-117;-2,198169113;-119,1981691;-117,2221594
1,3;-117;1,456692189;-115,5433078;-124,6822215
1,31;-117;-2,560977919;-119,5609779;-124,8852768
1,32;-115;25,9715307;-89,0284693;-116,5920266
1,33;-115;0,19010713;-114,8098929;-111,6428049
1,34;-115;2,219326234;-112,7806738;-108,662766
1,35;-115;-1,692160367;-116,6921604;-117,364618
1,36;-118;-4,409344001;-122,409344;-109,8417326
1,37;-117;7,612857189;-109,3871428;-111,0076252
1,38;-119;-7,605717656;-126,6057177;-112,2583737
1,39;-119;-2,095612217;-121,0956122;-105,8462769
1,4;-119;-17,34510988;-136,3451099;-107,0193765
1,41;-119;3,439049578;-115,5609504;-101,8799932
1,42;-120;5,581546247;-114,4184538;-87,54562913
1,43;-120;3,719617325;-116,2803827;-117,3159381
1,44;-120;3,828870376;-116,1711296;-111,2090905
1,45;-120;9,498785403;-110,5012146;-116,5246209
1,46;-120;-2,568083346;-122,5680833;-123,1586555
1,47;-120;8,656729733;-111,3432703;-118,808406
1,48;-119;-2,62980393;-121,6298039;-113,8519554
1,49;-121;-8,780898497;-129,7808985;-113,9552391
1,5;-121;2,824333478;-118,1756665;-119,1981691
1,51;-121;19,03244993;-101,9675501;-115,5433078
1,52;-121;-1,858461474;-122,8584615;-119,5609779
1,53;-121;6,177197065;-114,8228029;-89,0284693
1,54;-121;-0,605086825;-121,6050868;-114,8098929
1,55;-121;6,872937774;-114,1270622;-112,7806738
1,56;-122;-2,234230578;-124,2342306;-116,6921604
1,57;-122;-2,843444236;-124,8434442;-122,409344
1,58;-123;9,750419849;-113,2495802;-109,3871428
1,59;-122;-8,711390365;-130,7113904;-126,6057177
1,6;-122;-16,97821972;-138,9782197;-121,0956122
1,61;-122;-9,691530067;-131,6915301;-136,3451099
1,62;-122;13,72438874;-108,2756113;-115,5609504
1,63;-122;-3,379045665;-125,3790457;-114,4184538
1,64;-121;-5,338245046;-126,338245;-116,2803827
1,65;-121;26,13087418;-94,86912582;-116,1711296
1,66;-121;12,83415259;-108,1658474;-110,5012146
1,67;-121;-5,038918971;-126,038919;-122,5680833
1,68;-121;10,32913133;-110,6708687;-111,3432703
1,69;-121;-15,9006504;-136,9006504;-121,6298039
1,7;-121;-14,35987542;-135,3598754;-129,7808985
1,71;-121;-9,049540495;-130,0495405;-118,1756665
1,72;-121;2,70987357;-118,2901264;-101,9675501
1,73;-121;11,09347068;-109,9065293;-122,8584615
1,74;-121;4,83067879;-116,1693212;-114,8228029
1,75;-121;-3,687659955;-124,68766;-121,6050868
1,76;-121;5,128572411;-115,8714276;-114,1270622
1,77;-122;13,617273;-108,382727;-124,2342306
1,78;-122;-9,411473911;-131,4114739;-124,8434442
1,79;-122;-5,551169124;-127,5511691;-113,2495802
1,8;-122;10,6258085;-111,3741915;-130,7113904
1,81;-124;-12,67710559;-136,6771056;-138,9782197
1,82;-124;16,61155693;-107,3884431;-131,6915301
1,83;-124;10,65409378;-113,3459062;-108,2756113
1,84;-124;3,298168849;-120,7018312;-125,3790457
1,85;-123;8,898496162;-114,1015038;-126,338245
1,86;-123;-3,503237167;-126,5032372;-94,86912582
1,87;-123;-13,58062036;-136,5806204;-108,1658474
1,88;-123;-6,557593224;-129,5575932;-126,038919
1,89;-123;9,881705409;-113,1182946;-110,6708687
1,9;-123;22,07434591;-100,9256541;-136,9006504
1,91;-123;11,36213541;-111,6378646;-135,3598754
1,92;-123;4,716662261;-118,2833377;-130,0495405
1,93;-123;23,31726137;-99,68273863;-118,2901264
1,94;-126;15,976957;-110,023043;-109,9065293
1,95;-126;4,229627848;-121,7703722;-116,1693212
1,96;-126;1,996409082;-124,0035909;-124,68766
1,97;-126;3,907189239;-122,0928108;-115,8714276
1,98;-126;-3,237641977;-129,237642;-108,382727
1,99;-126;5,322374363;-120,6776256;-131,4114739
2;-126;8,390520634;-117,6094794;-127,5511691
2,01;-125;-15,45622581;-140,4562258;-111,3741915
2,02;-126;5,153015081;-120,8469849;-136,6771056
2,03;-126;8,374206573;-117,6257934;-107,3884431
2,04;-126;-10,51478193;-136,5147819;-113,3459062
2,05;-126;2,504100394;-123,4958996;-120,7018312
2,06;-124;12,04489308;-111,9551069;-114,1015038
2,07;-124;-8,335155144;-132,3351551;-126,5032372
2,08;-124;12,50136847;-111,4986315;-136,5806204
2,09;-124;11,4192062;-112,5807938;-129,5575932
2,1;-124;-4,362175332;-128,3621753;-113,1182946
2,11;-124;2,347314876;-121,6526851;-100,9256541
2,12;-124;15,70074346;-108,2992565;-111,6378646
2,13;-126;11,41481789;-114,5851821;-118,2833377
2,14;-126;0,216891749;-125,7831083;-99,68273863
2,15;-126;5,804645298;-120,1953547;-110,023043
2,16;-126;-20,71947165;-146,7194716;-121,7703722
2,17;-126;19,84662958;-106,1533704;-124,0035909
2,18;-124;-14,20503395;-138,2050339;-122,0928108
2,19;-124;5,860863439;-118,1391366;-129,237642
2,2;-124;10,31478405;-113,685216;-120,6776256
2,21;-124;-13,26243364;-137,2624336;-117,6094794
2,22;-124;2,029196366;-121,9708036;-140,4562258
2,23;-124;4,207049642;-119,7929504;-120,8469849
2,24;-124;4,330229331;-119,6697707;-117,6257934
2,25;-124;5,854508345;-118,1454917;-136,5147819
2,26;-124;-2,817159839;-126,8171598;-123,4958996
2,27;-124;-4,87715397;-128,877154;-111,9551069
2,28;-124;-21,57767085;-145,5776709;-132,3351551
2,29;-126;-8,140773389;-134,1407734;-111,4986315
2,3;-126;-15,22789717;-141,2278972;-112,5807938
2,31;-126;5,125957614;-120,8740424;-128,3621753
2,32;-126;-8,393772077;-134,3937721;-121,6526851
2,33;-124;20,54594006;-103,4540599;-108,2992565
2,34;-124;7,528296919;-116,4717031;-114,5851821
2,35;-124;-1,132684702;-125,1326847;-125,7831083
2,36;-124;-4,082005489;-128,0820055;-120,1953547
2,37;-124;-17,58771759;-141,5877176;-146,7194716
2,38;-124;15,61215868;-108,3878413;-106,1533704
2,39;-126;1,229750524;-124,7702495;-138,2050339
2,4;-126;-2,588649295;-128,5886493;-118,1391366
2,41;-126;-0,052398264;-126,0523983;-113,685216
2,42;-126;6,897175808;-119,1028242;-137,2624336
2,43;-126;-4,662865649;-130,6628656;-121,9708036
2,44;-124;-13,2642981;-137,2642981;-119,7929504
2,45;-125;-1,615376277;-126,6153763;-119,6697707
2,46;-123;6,147604381;-116,8523956;-118,1454917
2,47;-125;-0,911973075;-125,9119731;-126,8171598
2,48;-123;-11,15024588;-134,1502459;-128,877154
2,49;-123;10,89604211;-112,1039579;-145,5776709
2,5;-125;16,19455361;-108,8054464;-134,1407734
2,51;-125;14,28520591;-110,7147941;-141,2278972
2,52;-125;3,495097189;-121,5049028;-120,8740424
2,53;-125;-15,52475624;-140,5247562;-134,3937721
2,54;-125;-10,97812401;-135,978124;-103,4540599
2,55;-125;-6,48567493;-131,4856749;-116,4717031
2,56;-125;-9,45804004;-134,45804;-125,1326847
2,57;-123;-12,76646344;-135,7664634;-128,0820055
2,58;-123;-6,122672858;-129,1226729;-141,5877176
2,59;-123;-0,080706286;-123,0807063;-108,3878413
2,6;-123;-4,952244126;-127,9522441;-124,7702495
2,61;-124;8,412280295;-115,5877197;-128,5886493
2,62;-124;8,853135114;-115,1468649;-126,0523983
2,63;-122;-20,68036338;-142,6803634;-119,1028242
2,64;-122;-12,52146831;-134,5214683;-130,6628656
2,65;-122;13,20549927;-108,7945007;-137,2642981
2,66;-122;-5,95741767;-127,9574177;-126,6153763
2,67;-122;-0,075351636;-122,0753516;-116,8523956
2,68;-122;-2,428396328;-124,4283963;-125,9119731
2,69;-122;8,462529877;-113,5374701;-134,1502459
2,7;-122;-6,440427569;-128,4404276;-112,1039579
2,71;-122;-2,07451194;-124,0745119;-108,8054464
2,72;-122;-2,759111339;-124,7591113;-110,7147941
2,73;-122;-0,428144631;-122,4281446;-121,5049028
2,74;-122;2,716228664;-119,2837713;-140,5247562
2,75;-122;-7,302719496;-129,3027195;-135,978124
2,76;-122;-5,898141353;-127,8981414;-131,4856749
2,77;-122;-11,23612492;-133,2361249;-134,45804
2,78;-122;10,25377969;-111,7462203;-135,7664634
2,79;-121;3,875834409;-117,1241656;-129,1226729
2,8;-121;0,92272785;-120,0772722;-123,0807063
2,81;-121;-21,14338713;-142,1433871;-127,9522441
2,82;-121;2,030753876;-118,9692461;-115,5877197
2,83;-121;-11,83580025;-132,8358003;-115,1468649
2,84;-121;2,460706128;-118,5392939;-142,6803634
2,85;-121;-15,65631464;-136,6563146;-134,5214683
2,86;-121;16,81246431;-104,1875357;-108,7945007
2,87;-121;-24,18964868;-145,1896487;-127,9574177
2,88;-121;-2,640899766;-123,6408998;-122,0753516
2,89;-121;7,683581771;-113,3164182;-124,4283963
2,9;-121;12,38358891;-108,6164111;-113,5374701
2,91;-121;1,349303602;-119,6506964;-128,4404276
2,92;-121;5,212518772;-115,7874812;-124,0745119
2,93;-121;19,02772055;-101,9722794;-124,7591113
2,94;-121;-7,138896763;-128,1388968;-122,4281446
2,95;-121;-15,38337528;-136,3833753;-119,2837713
2,96;-123;2,441788638;-120,5582114;-129,3027195
2,97;-123;9,99830263;-113,0016974;-127,8981414
2,98;-123;-1,244393388;-124,2443934;-133,2361249
2,99;-123;-1,833564056;-124,8335641;-111,7462203
3;-123;-14,22813511;-137,2281351;-117,1241656
3,01;-121;13,07491857;-107,9250814;-120,0772722
3,02;-121;-18,31140253;-139,3114025;-142,1433871
3,03;-121;-0,327088401;-121,3270884;-118,9692461
3,04;-123;-13,36452442;-136,3645244;-132,8358003
3,05;-123;-1,762043667;-124,7620437;-118,5392939
3,06;-123;-4,3268642;-127,3268642;-136,6563146
3,07;-123;-6,891355042;-129,891355;-104,1875357
3,08;-123;30,70599632;-92,29400368;-145,1896487
3,09;-121;5,354127097;-115,6458729;-123,6408998
3,1;-121;11,25918061;-109,7408194;-113,3164182
3,11;-121;-0,05622951;-121,0562295;-108,6164111
3,12;-122;9,578366189;-112,4216338;-119,6506964
3,13;-121;12,55839379;-108,4416062;-115,7874812
3,14;-121;11,12607606;-109,8739239;-101,9722794
3,15;-122;12,05912668;-109,9408733;-128,1388968
3,16;-122;-7,079802344;-129,0798023;-136,3833753
3,17;-120;8,804545359;-111,1954546;-120,5582114
3,18;-120;-12,0464847;-132,0464847;-113,0016974
3,19;-121;13,89107638;-107,1089236;-124,2443934
3,2;-121;1,771365987;-119,228634;-124,8335641
3,21;-119;-4,967819223;-123,9678192;-137,2281351
3,22;-119;9,958034752;-109,0419652;-107,9250814
3,23;-118;20,12857294;-97,87142706;-139,3114025
3,24;-118;16,29468898;-101,705311;-121,3270884
3,25;-118;4,452385838;-113,5476142;-136,3645244
3,26;-119;6,511186257;-112,4888137;-124,7620437
3,27;-117;11,21888999;-105,78111;-127,3268642
3,28;-117;8,017786968;-108,982213;-129,891355
3,29;-117;4,968683243;-112,0313168;-92,29400368
3,3;-117;9,508403309;-107,4915967;-115,6458729
3,31;-117;13,05695605;-103,943044;-109,7408194
3,32;-116;3,485342859;-112,5146571;-121,0562295
3,33;-115;7,552694115;-107,4473059;-112,4216338
3,34;-115;-7,257835932;-122,2578359;-108,4416062
3,35;-115;-13,37573394;-128,3757339;-109,8739239
3,36;-114;6,539585229;-107,4604148;-109,9408733
3,37;-114;10,25507572;-103,7449243;-129,0798023
3,38;-113;4,05375431;-108,9462457;-111,1954546
3,39;-112;-1,730973054;-113,7309731;-132,0464847
3,4;-112;-5,574395345;-117,5743953;-107,1089236
3,41;-112;-5,015476745;-117,0154767;-119,228634
3,42;-111;2,284457423;-108,7155426;-123,9678192
3,43;-112;11,63778052;-100,3622195;-109,0419652
3,44;-112;3,722072961;-108,277927;-97,87142706
3,45;-111;10,62983301;-100,370167;-101,705311
3,46;-111;20,18687155;-90,81312845;-113,5476142
3,47;-111;17,89785529;-93,10214471;-112,4888137
3,48;-111;2,633760232;-108,3662398;-105,78111
3,49;-109;-1,376338332;-110,3763383;-108,982213
3,5;-110;-0,493230345;-110,4932303;-112,0313168
3,51;-109;3,854393071;-105,1456069;-107,4915967
3,52;-109;17,32450983;-91,67549017;-103,943044
3,53;-108;-10,16874194;-118,1687419;-112,5146571
3,54;-108;20,75885277;-87,24114723;-107,4473059
3,55;-107;-2,014360234;-109,0143602;-122,2578359
3,56;-104;-3,671289051;-107,6712891;-128,3757339
3,57;-104;-6,523487173;-110,5234872;-107,4604148
3,58;-103;0,236786946;-102,7632131;-103,7449243
3,59;-102;-10,72180567;-112,7218057;-108,9462457
3,6;-102;9,450855032;-92,54914497;-113,7309731
3,61;-103;-6,230061445;-109,2300614;-117,5743953
3,62;-103;-7,606740837;-110,6067408;-117,0154767
3,63;-103;6,506456884;-96,49354312;-108,7155426
3,64;-102;12,08609319;-89,91390681;-100,3622195
3,65;-100;-6,902996574;-106,9029966;-108,277927
3,66;-101;2,905630936;-98,09436906;-100,370167
3,67;-101;-7,755716069;-108,7557161;-90,81312845
3,68;-100;3,265063242;-96,73493676;-93,10214471
3,69;-100;-10,39718427;-110,3971843;-108,3662398
3,7;-100;2,235799457;-97,76420054;-110,3763383
3,71;-99;-20,73256837;-119,7325684;-110,4932303
3,72;-99;5,548508852;-93,45149115;-105,1456069
3,73;-99;0,052398264;-98,94760174;-91,67549017
3,74;-98;2,076853889;-95,92314611;-118,1687419
3,75;-96;-4,668834208;-100,6688342;-87,24114723
3,76;-97;3,603463483;-93,39653652;-109,0143602
3,77;-97;-9,731979844;-106,7319798;-107,6712891
3,78;-94;-3,414709226;-97,41470923;-110,5234872
3,79;-94;-6,9769726;-100,9769726;-102,7632131
3,8;-94;-6,376558304;-100,3765583;-112,7218057
3,81;-93;-0,052398264;-93,05239826;-92,54914497
3,82;-93;5,125957614;-87,87404239;-109,2300614
3,83;-92;0,59588956;-91,40411044;-110,6067408
3,84;-92;10,55343546;-81,44656454;-96,49354312
3,85;-91;4,705543688;-86,29445631;-89,91390681
3,86;-91;-0,954230472;-91,95423047;-106,9029966
3,87;-91;4,882326721;-86,11767328;-98,09436906
3,88;-90;6,851632861;-83,14836714;-108,7557161
3,89;-89;-0,279635515;-89,27963551;-96,73493676
3,9;-89;0,063107564;-88,93689244;-110,3971843
3,91;-88;-7,124094736;-95,12409474;-97,76420054
3,92;-88;12,29027475;-75,70972525;-119,7325684
3,93;-89;-5,558320026;-94,55832003;-93,45149115
3,94;-87;6,018740351;-80,98125965;-98,94760174
3,95;-86;13,58448571;-72,41551429;-95,92314611
3,96;-87;-9,723385119;-96,72338512;-100,6688342
3,97;-85;1,336184141;-83,66381586;-93,39653652
3,98;-84;5,500373845;-78,49962615;-106,7319798
3,99;-85;0,480213203;-84,5197868;-97,41470923
4;-83;-16,0541731;-99,0541731;-100,9769726
4,01;-82;4,019727839;-77,98027216;-100,3765583
4,02;-83;-2,170747848;-85,17074785;-93,05239826
4,03;-80;-2,693218448;-82,69321845;-87,87404239
4,04;-78;-3,597745035;-81,59774504;-91,40411044
4,05;-76;-6,711081824;-82,71108182;-81,44656454
4,06;-76;-8,404663276;-84,40466328;-86,29445631
4,07;-76;-22,82467904;-98,82467904;-91,95423047
4,08;-75;0,257443844;-74,74255616;-86,11767328
4,09;-72;25,71287041;-46,28712959;-83,14836714
4,1;-71;7,230983101;-63,7690169;-89,27963551
4,11;-69;7,50496838;-61,49503162;-88,93689244
4,12;-68;-4,783453278;-72,78345328;-95,12409474
4,13;-66;13,42266387;-52,57733613;-75,70972525
4,14;-65;-8,932647688;-73,93264769;-94,55832003
4,15;-63;0,340867246;-62,65913275;-80,98125965
4,16;-63;2,112039965;-60,88796003;-72,41551429
4,17;-65;-9,838186088;-74,83818609;-96,72338512
4,18;-65;5,597644304;-59,4023557;-83,66381586
4,19;-64;6,510254025;-57,48974598;-78,49962615
4,2;-64;-0,030217961;-64,03021796;-84,5197868
4,21;-63;0,889701823;-62,11029818;-99,0541731
4,22;-63;-0,82443421;-63,82443421;-77,98027216
4,23;-62;-9,473592399;-71,4735924;-85,17074785
4,24;-60;-8,953179531;-68,95317953;-82,69321845
4,25;-61;-2,972728907;-63,97272891;-81,59774504
4,26;-61;5,598531061;-55,40146894;-82,71108182
4,27;-60;1,074181455;-58,92581855;-84,40466328
4,28;-60;-4,089497452;-64,08949745;-98,82467904
4,29;-60;-4,012258614;-64,01225861;-74,74255616
4,3;-59;9,675636647;-49,32436335;-46,28712959
4,31;-57;-5,41957661;-62,41957661;-63,7690169
4,32;-57;-3,499974355;-60,49997435;-61,49503162
4,33;-58;2,402396149;-55,59760385;-72,78345328
4,34;-58;5,355900612;-52,64409939;-52,57733613
4,35;-57;-13,0033186;-70,0033186;-73,93264769
4,36;-57;10,88635599;-46,11364401;-62,65913275
4,37;-58;14,49416231;-43,50583769;-60,88796003
4,38;-57;2,034664703;-54,9653353;-74,83818609
4,39;-57;8,154620446;-48,84537955;-59,4023557
4,4;-57;20,09383024;-36,90616976;-57,48974598
4,41;-57;-1,928560778;-58,92856078;-64,03021796
4,42;-58;-8,79892923;-66,79892923;-62,11029818
4,43;-57;7,093558452;-49,90644155;-63,82443421
4,44;-59;-2,508045327;-61,50804533;-71,4735924
4,45;-59;-18,79006959;-77,79006959;-68,95317953
4,46;-60;-10,08570507;-70,08570507;-63,97272891
4,47;-59;-6,725463209;-65,72546321;-55,40146894
4,48;-59;0,07229346;-58,92770654;-58,92581855
4,49;-61;7,699009075;-53,30099093;-64,08949745
4,5;-61;-1,463649824;-62,46364982;-64,01225861
4,51;-62;5,389483704;-56,6105163;-49,32436335
4,52;-64;-0,378372533;-64,37837253;-62,41957661
4,53;-64;19,00907591;-44,99092409;-60,49997435
4,54;-66;14,75041245;-51,24958755;-55,59760385
4,55;-66;2,868944193;-63,13105581;-52,64409939
4,56;-69;16,61455826;-52,38544174;-70,0033186
4,57;-72;-14,04941941;-86,04941941;-46,11364401
4,58;-74;9,801010492;-64,19898951;-43,50583769
4,59;-76;13,76374712;-62,23625288;-54,9653353
4,6;-77;8,920119399;-68,0798806;-48,84537955
4,61;-77;4,371440809;-72,62855919;-36,90616976
4,62;-79;-13,74205567;-92,74205567;-58,92856078
4,63;-80;0,064642336;-79,93535766;-66,79892923
4,64;-80;14,55346137;-65,44653863;-49,90644155
4,65;-82;-12,89715783;-94,89715783;-61,50804533
4,66;-83;-4,995536074;-87,99553607;-77,79006959
4,67;-82;9,360383046;-72,63961695;-70,08570507
4,68;-82;-3,186096365;-85,18609636;-65,72546321
4,69;-84;-5,085871635;-89,08587163;-58,92770654
4,7;-85;3,593663678;-81,40633632;-53,30099093
4,71;-87;-9,835684978;-96,83568498;-62,46364982
4,72;-86;8,353595149;-77,64640485;-56,6105163
4,73;-88;-1,620037438;-89,62003744;-64,37837253
4,74;-89;15,17446435;-73,82553565;-44,99092409
4,75;-91;1,678188255;-89,32181174;-51,24958755
4,76;-90;4,717514912;-85,28248509;-63,13105581
4,77;-92;2,839465196;-89,1605348;-52,38544174
4,78;-93;2,420506462;-90,57949354;-86,04941941
4,79;-93;-20,09965101;-113,099651;-64,19898951
4,8;-93;-38,4170562;-131,4170562;-62,23625288
4,81;-94;2,983915692;-91,01608431;-68,0798806
4,82;-94;3,646755431;-90,35324457;-72,62855919
4,83;-93;10,39193194;-82,60806806;-92,74205567
4,84;-95;-11,03983323;-106,0398332;-79,93535766
4,85;-94;7,628204912;-86,37179509;-65,44653863
4,86;-96;-8,464712664;-104,4647127;-94,89715783
4,87;-94;12,15944394;-81,84055606;-87,99553607
4,88;-96;-0,994964466;-96,99496447;-72,63961695
4,89;-96;9,063364814;-86,93663519;-85,18609636
4,9;-95;-17,99739948;-112,9973995;-89,08587163
4,91;-95;-0,724685378;-95,72468538;-81,40633632
4,92;-96;0,347756668;-95,65224333;-96,83568498
4,93;-98;21,71309461;-76,28690539;-77,64640485
4,94;-98;-4,094476935;-102,0944769;-89,62003744
4,95;-97;7,081757758;-89,91824224;-73,82553565
4,96;-99;-10,37094535;-109,3709453;-89,32181174
4,97;-99;-8,186657396;-107,1866574;-85,28248509
4,98;-99;-3,56919827;-102,5691983;-89,1605348
4,99;-99;-1,676630745;-100,6766307;-90,57949354
5;-99;2,216984285;-96,78301571;-113,099651
5,01;-99;1,825014806;-97,17498519;-131,4170562
5,02;-98;-14,19243745;-112,1924374;-91,01608431
5,03;-98;-5,948288617;-103,9482886;-90,35324457
5,04;-98;7,002358871;-90,99764113;-82,60806806
5,05;-96;14,20085027;-81,79914973;-106,0398332
5,06;-96;2,029196366;-93,97080363;-86,37179509
5,07;-96;5,487038379;-90,51296162;-104,4647127
5,08;-96;10,5440904;-85,4559096;-81,84055606
5,09;-96;8,98635335;-87,01364665;-96,99496447
5,1;-96;-6,075686088;-102,0756861;-86,93663519
5,11;-98;7,455378181;-90,54462182;-112,9973995
5,12;-98;-0,141142209;-98,14114221;-95,72468538
5,13;-98;4,372282092;-93,62771791;-95,65224333
5,14;-98;2,184060577;-95,81593942;-76,28690539
5,15;-98;2,822730494;-95,17726951;-102,0944769
5,16;-99;-2,460706128;-101,4607061;-89,91824224
5,17;-99;-4,123614872;-103,1236149;-109,3709453
5,18;-99;-3,517880032;-102,51788;-107,1866574
5,19;-99;20,48318493;-78,51681507;-102,5691983
5,2;-99;-22,16274879;-121,1627488;-100,6766307
5,21;-99;15,5401267;-83,4598733;-96,78301571
5,22;-99;0,718557658;-98,28144234;-97,17498519
5,23;-99;8,601227819;-90,39877218;-112,1924374
5,24;-99;13,02651071;-85,97348929;-103,9482886
5,25;-99;-10,12265329;-109,1226533;-90,99764113
5,26;-99;-6,37373887;-105,3737389;-81,79914973
5,27;-98;-4,135279141;-102,1352791;-93,97080363
5,28;-98;-0,855152393;-98,85515239;-90,51296162
5,29;-98;10,99492692;-87,00507308;-85,4559096
5,3;-97;-6,040761491;-103,0407615;-87,01364665
5,31;-97;14,82803782;-82,17196218;-102,0756861
5,32;-99;5,826382221;-93,17361778;-90,54462182
5,33;-99;-4,760306638;-103,7603066;-98,14114221
5,34;-99;-3,235231816;-102,2352318;-93,62771791
5,35;-99;15,83598532;-83,16401468;-95,81593942
5,36;-99;4,53701432;-94,46298568;-95,17726951
5,37;-99;4,685045951;-94,31495405;-101,4607061
5,38;-99;21,22997103;-77,77002897;-103,1236149
5,39;-99;10,81468781;-88,18531219;-102,51788
5,4;-99;-10,50016181;-109,5001618;-78,51681507
5,41;-99;-8,129040907;-107,1290409;-121,1627488
5,42;-99;6,280288289;-92,71971171;-83,4598733
5,43;-99;-12,82542144;-111,8254214;-98,28144234
5,44;-99;-1,605303623;-100,6053036;-90,39877218
5,45;-99;9,667087397;-89,3329126;-85,97348929
5,46;-99;9,467612472;-89,53238753;-109,1226533
5,47;-99;1,884154699;-97,1158453;-105,3737389
5,48;-99;7,539483704;-91,4605163;-102,1352791
5,49;-99;-1,178887032;-100,178887;-98,85515239
5,5;-99;-5,479932952;-104,479933;-87,00507308
5,51;-97;0,676379841;-96,32362016;-103,0407615
5,52;-97;15,88173291;-81,11826709;-82,17196218
5,53;-97;5,16088221;-91,83911779;-93,17361778
5,54;-97;8,920119399;-88,0798806;-103,7603066
5,55;-97;4,396702025;-92,60329798;-102,2352318
5,56;-97;19,87409632;-77,12590368;-83,16401468
5,57;-97;-1,233593139;-98,23359314;-94,46298568
5,58;-97;-5,594063168;-102,5940632;-94,31495405
5,59;-97;-9,631753528;-106,6317535;-77,77002897
5,6;-97;-4,084495231;-101,0844952;-88,18531219
5,61;-97;14,28948053;-82,71051947;-109,5001618
5,62;-97;6,440427569;-90,55957243;-107,1290409
5,63;-97;-0,396744326;-97,39674433;-92,71971171
5,64;-97;0,574436854;-96,42556315;-111,8254214
5,65;-97;0,898921826;-96,10107817;-100,6053036
5,66;-97;7,960943549;-89,03905645;-89,3329126
5,67;-97;3,365289558;-93,63471044;-89,53238753
5,68;-97;-2,59102535;-99,59102535;-97,1158453
5,69;-97;-2,192678039;-99,19267804;-91,4605163
5,7;-97;-5,728759334;-102,7287593;-100,178887
5,71;-97;10,47499154;-86,52500846;-104,479933
5,72;-97;-4,715798241;-101,7157982;-96,32362016
5,73;-97;7,14185262;-89,85814738;-81,11826709
5,74;-97;-4,769731277;-101,7697313;-91,83911779
5,75;-97;-6,378434136;-103,3784341;-88,0798806
5,76;-99;-5,034576134;-104,0345761;-92,60329798
5,77;-99;13,69699021;-85,30300979;-77,12590368
5,78;-99;-8,3275836;-107,3275836;-98,23359314
5,79;-98;-0,357704266;-98,35770427;-102,5940632
5,8;-78;-6,223558557;-84,22355856;-106,6317535
5,81;-63;-4,795469977;-67,79546998;-101,0844952
5,82;-55;3,539048521;-51,46095148;-82,71051947
5,83;-54;9,342602425;-44,65739757;-90,55957243
5,84;-41;2,961530754;-38,03846925;-97,39674433
5,85;-22;-6,880691217;-28,88069122;-96,42556315
5,86;-13;4,454068403;-8,545931597;-96,10107817
5,87;10;19,41589289;29,41589289;-89,03905645
5,88;54;-6,51971277;47,48028723;-93,63471044
5,89;80;1,169644293;81,16964429;-99,59102535
5,9;82;3,611626198;85,6116262;-99,19267804
5,91;99;9,507198229;108,5071982;-102,7287593
5,92;120;-6,012328413;113,9876716;-86,52500846
5,93;123;-10,69602149;112,3039785;-101,7157982
5,94;140;6,382185802;146,3821858;-89,85814738
5,95;148;-2,130821031;145,869179;-101,7697313
5,96;150;-5,857236829;144,1427632;-103,3784341
5,97;157;3,353943612;160,3539436;-104,0345761
5,98;167;-3,539048521;163,4609515;-85,30300979
5,99;168;-0,888940122;167,1110599;-107,3275836
6;174;8,654501471;182,6545015;-98,35770427
6,01;180;6,149457477;186,1494575;-84,22355856
6,02;185;12,95359198;197,953592;-67,79546998
6,03;189;4,451533187;193,4515332;-51,46095148
6,04;197;4,116122909;201,1161229;-44,65739757
6,05;202;10,69329301;212,693293;-38,03846925
6,06;204;-11,2923999;192,7076001;-28,88069122
6,07;219;-9,533687262;209,4663127;-8,545931597
6,08;224;3,071215815;227,0712158;29,41589289
6,09;224;3,174829999;227,17483;47,48028723
6,1;232;9,390055311;241,3900553;81,16964429
6,11;244;-6,908828709;237,0911713;85,6116262
6,12;252;-1,819557838;250,1804422;108,5071982
6,13;253;0,848240234;253,8482402;113,9876716
6,14;252;9,728296391;261,7282964;112,3039785
6,15;254;9,344967111;263,3449671;146,3821858
6,16;254;-1,844455255;252,1555447;145,869179
6,17;252;3,813238436;255,8132384;144,1427632
6,18;252;-9,745508578;242,2544914;160,3539436
6,19;252;7,782614375;259,7826144;163,4609515
6,2;252;8,473466551;260,4734666;167,1110599
6,21;252;0,6265509;252,6265509;182,6545015
6,22;252;-4,557364264;247,4426357;186,1494575
6,23;254;1,617706857;255,6177069;197,953592
6,24;252;8,120537132;260,1205371;193,4515332
6,25;252;-8,954316399;243,0456836;201,1161229
6,26;252;0,611225914;252,6112259;212,693293
6,27;252;-8,27144504;243,728555;192,7076001
6,28;252;8,493202586;260,4932026;209,4663127
6,29;252;-2,213846528;249,7861535;227,0712158
6,3;252;14,10503501;266,105035;227,17483
6,31;251;-7,678454494;243,3215455;241,3900553
6,32;251;8,882602742;259,8826027;237,0911713
6,33;253;-10,42612894;242,5738711;250,1804422
6,34;251;1,067269295;252,0672693;253,8482402
6,35;251;-0,977297532;250,0227025;261,7282964
6,36;251;23,92716851;274,9271685;263,3449671
6,37;252;-5,861772934;246,1382271;252,1555447
6,38;252;-14,99547579;237,0045242;255,8132384
6,39;252;-2,695583134;249,3044169;242,2544914
6,4;254;14,07202035;268,0720203;259,7826144
6,41;255;2,031538315;257,0315383;260,4734666
6,42;255;-13,00866188;241,9913381;252,6265509
6,43;254;13,34024091;267,3402409;247,4426357
6,44;254;-4,213734428;249,7862656;255,6177069
6,45;254;-11,79275841;242,2072416;260,1205371
6,46;254;-13,10013431;240,8998657;243,0456836
6,47;254;-11,03983323;242,9601668;252,6112259
6,48;254;8,488814274;262,4888143;243,728555
6,49;255;11,47814146;266,4781415;260,4932026
6,5;255;3,468278464;258,4682785;249,7861535
6,51;255;-4,83067879;250,1693212;266,105035
6,52;257;-8,531674212;248,4683258;243,3215455
6,53;257;11,4885097;268,4885097;259,8826027
6,54;258;-11,63928118;246,3607188;242,5738711
6,55;258;-6,132825092;251,8671749;252,0672693
6,56;258;-1,141154371;256,8588456;250,0227025
6,57;257;3,125796866;260,1257969;274,9271685
6,58;257;3,495097189;260,4950972;246,1382271
6,59;257;-0,38755843;256,6124416;237,0045242
6,6;256;-1,583612175;254,4163878;249,3044169
6,61;256;-13,15991085;242,8400892;268,0720203
6,62;256;-14,83954293;241,1604571;257,0315383
6,63;256;-4,18616537;251,8138346;241,9913381
6,64;256;-3,610807653;252,3891923;267,3402409
6,65;256;-13,47557372;242,5244263;249,7862656
6,66;256;-8,875781532;247,1242185;242,2072416
6,67;256;0,480974904;256,4809749;240,8998657
6,68;256;4,322669156;260,3226692;242,9601668
6,69;256;-7,784683476;248,2153165;262,4888143
6,7;256;8,568054;264,568054;266,4781415
6,71;256;-10,06028469;245,9397153;258,4682785
6,72;256;7,782614375;263,7826144;250,1693212
6,73;257;-5,071069609;251,9289304;248,4683258
6,74;258;5,045865237;263,0458652;268,4885097
6,75;258;4,988601177;262,9886012;246,3607188
6,76;258;2,644856067;260,6448561;251,8671749
6,77;258;-0,24979272;257,7502073;256,8588456
6,78;257;-2,148044587;254,8519554;260,1257969
6,79;257;-20,89273039;236,1072696;260,4950972
6,8;257;-8,406846064;248,5931539;256,6124416
6,81;258;8,374206573;266,3742066;254,4163878
6,82;258;5,487925137;263,4879251;242,8400892
6,83;257;16,38186404;273,381864;241,1604571
6,84;258;1,541798156;259,5417982;251,8138346
6,85;258;-0,23908342;257,7609166;252,3891923
6,86;258;2,546744327;260,5467443;242,5244263
6,87;257;-0,026398084;256,9736019;247,1242185
6,88;257;10,52676453;267,5267645;256,4809749
6,89;256;14,86487236;270,8648724;260,3226692
6,9;256;12,52146831;268,5214683;248,2153165
6,91;256;-16,62065188;239,3793481;264,568054
6,92;256;-15,53244147;240,4675585;245,9397153
6,93;257;-5,308277196;251,6917228;263,7826144
6,94;257;-8,70020358;248,2997964;251,9289304
6,95;257;13,15991085;270,1599108;263,0458652
6,96;255;-2,040906111;252,9590939;262,9886012
6,97;255;11,75756097;266,757561;260,6448561
6,98;255;-12,70620942;242,2937906;257,7502073
6,99;257;-5,201127351;251,7988726;254,8519554
7;257;1,776027148;258,7760271;236,1072696
7,01;257;-6,032496458;250,9675035;248,5931539
7,02;255;8,332995094;263,3329951;266,3742066
7,03;254;-4,07785592;249,9221441;263,4879251
7,04;254;8,844062904;262,8440629;273,381864
7,05;254;-7,349740372;246,6502596;259,5417982
7,06;254;1,905186764;255,9051868;257,7609166
7,07;254;17,59135557;271,5913556;260,5467443
7,08;254;-3,257810022;250,74219;256,9736019
7,09;254;-0,729289695;253,2707103;267,5267645
7,1;254;1,785360837;255,7853608;270,8648724
7,11;254;-2,64406026;251,3559397;268,5214683
7,12;256;-12,20928425;243,7907157;239,3793481
7,13;256;-8,307051758;247,6929482;240,4675585
7,14;256;-5,57081421;250,4291858;251,6917228
7,15;256;-7,736093721;248,2639063;248,2997964
7,16;254;1,121907189;255,1219072;270,1599108
7,17;253;4,491266736;257,4912667;252,9590939
7,18;253;-12,47967703;240,520323;266,757561
7,19;253;-0,986517534;252,0134825;242,2937906
7,2;255;2,833087365;257,8330874;251,7988726
7,21;255;-0,138084033;254,861916;258,7760271
7,22;255;-2,547540134;252,4524599;250,9675035
7,23;253;10,05776085;263,0577608;263,3329951
7,24;253;-14,12781785;238,8721822;249,9221441
7,25;251;-16,34975888;234,6502411;262,8440629
7,26;251;-1,063415311;249,9365847;246,6502596
7,27;251;4,513276508;255,5132765;255,9051868
7,28;251;29,33011274;280,3301127;271,5913556
7,29;251;6,96331881;257,9633188;250,74219
7,3;249;9,631753528;258,6317535;253,2707103
7,31;249;-2,028411927;246,9715881;255,7853608
7,32;248;-11,91633601;236,083664;251,3559397
7,33;247;-1,303010322;245,6969897;243,7907157
7,34;247;-5,686445093;241,3135549;247,6929482
7,35;247;-0,385261956;246,614738;250,4291858
7,36;246;3,805007509;249,8050075;248,2639063
7,37;246;5,017216154;251,0172162;255,1219072
7,38;245;21,8524292;266,8524292;257,4912667
7,39;244;-6,952598142;237,0474019;240,520323
7,4;244;-4,8504603;239,1495397;252,0134825
7,41;243;-5,461265573;237,5387344;257,8330874
7,42;242;-11,71947588;230,2805241;254,861916
7,43;241;10,08570507;251,0857051;252,4524599
7,44;240;-15,96599759;224,0340024;263,0577608
7,45;241;7,553717296;248,5537173;238,8721822
7,46;239;1,596777111;240,5967771;234,6502411
7,47;238;8,966890164;246,9668902;249,9365847
7,48;238;-4,458297553;233,5417024;255,5132765
7,49;238;-11,23901257;226,7609874;280,3301127
7,5;237;7,289736459;244,2897365;257,9633188
7,51;235;-20,40897016;214,5910298;258,6317535
7,52;234;-3,017521522;230,9824785;246,9715881
7,53;234;2,565707291;236,5657073;236,083664
7,54;234;0,825980351;234,8259804;245,6969897
7,55;232;19,07474143;251,0747414;241,3135549
7,56;233;-1,716989573;231,2830104;246,614738
7,57;231;7,985113371;238,9851134;249,8050075
7,58;231;8,926940609;239,9269406;251,0172162
7,59;228;-16,75612111;211,2438789;266,8524292
7,6;227;-11,12891823;215,8710818;237,0474019
7,61;227;10,80097718;237,8009772;239,1495397
7,62;226;-8,211281965;217,788718;237,5387344
7,63;227;3,622244549;230,6222445;230,2805241
7,64;225;-6,668028618;218,3319714;251,0857051
7,65;225;-10,21503522;214,7849648;224,0340024
7,66;224;-5,698143468;218,3018565;248,5537173
7,67;222;7,70621682;229,7062168;240,5967771
7,68;222;17,53769538;239,5376954;246,9668902
7,69;221;14,84181666;235,8418167;233,5417024
7,7;222;-1,363207502;220,6367925;226,7609874
7,71;222;-7,680500858;214,3194991;244,2897365
7,72;222;3,404977633;225,4049776;214,5910298
7,73;221;2,321371539;223,3213715;230,9824785
7,74;221;-2,445722203;218,5542778;236,5657073
7,75;221;2,378783392;223,3787834;234,8259804
7,76;221;2,137085175;223,1370852;251,0747414
7,77;221;-12,34579941;208,6542006;231,2830104
7,78;221;-33,15217327;187,8478267;238,9851134
7,79;221;2,061221949;223,0612219;239,9269406
7,8;221;3,13543751;224,1354375;211,2438789
7,81;222;19,71138772;241,7113877;215,8710818
7,82;222;-0,180921234;221,8190788;237,8009772
7,83;222;5,2581413;227,2581413;217,788718
7,84;223;10,29006853;233,2900685;230,6222445
7,85;222;-1,326156962;220,673843;218,3319714
7,86;222;17,32792043;239,3279204;214,7849648
7,87;223;5,109393442;228,1093934;218,3018565
7,88;223;2,252272679;225,2522727;229,7062168
7,89;223;-3,911316071;219,0886839;239,5376954
7,9;225;23,59265636;248,5926564;235,8418167
7,91;224;-13,71849976;210,2815002;220,6367925
7,92;224;12,29191184;236,2919118;214,3194991
7,93;226;-7,176458894;218,8235411;225,4049776
7,94;225;-4,367223028;220,632777;223,3213715
7,95;225;12,31310307;237,3131031;218,5542778
7,96;226;-1,118826276;224,8811737;223,3787834
7,97;228;-8,210213309;219,7897867;223,1370852
7,98;228;2,444937763;230,4449378;208,6542006
7,99;229;-14,30435077;214,6956492;187,8478267
8;228;-1,296825758;226,7031742;223,0612219
8,01;231;-12,98908501;218,010915;224,1354375
8,02;231;7,069979802;238,0699798;241,7113877
8,03;232;6,192954061;238,1929541;221,8190788
8,04;235;-15,05222826;219,9477717;227,2581413
8,05;237;-2,226386187;234,7736138;233,2900685
8,06;239;0,992667992;239,992668;220,673843
8,07;241;0,91581569;241,9158157;239,3279204
8,08;245;-5,751303433;239,2486966;228,1093934
8,09;246;5,356776001;251,356776;225,2522727
8,1;251;-3,876652954;247,123347;219,0886839
8,11;260;0,540717338;260,5407173;248,5926564
8,12;262;4,499725037;266,499725;210,2815002
8,13;266;6,080290404;272,0802904;236,2919118
8,14;280;19,45127224;299,4512722;218,8235411
8,15;287;4,627077033;291,627077;220,632777
8,16;288;6,072002634;294,0720026;237,3131031
8,17;299;-11,06377567;287,9362243;224,8811737
8,18;305;3,069612831;308,0696128;219,7897867
8,19;307;-1,772923497;305,2270765;230,4449378
8,2;319;1,303783392;320,3037834;214,6956492
8,21;323;20,11120159;343,1112016;226,7031742
8,22;324;-0,021032065;323,9789679;218,010915
8,23;331;0,141903911;331,1419039;238,0699798
8,24;336;-3,318359632;332,6816404;238,1929541
8,25;342;9,940458767;351,9404588;219,9477717
8,26;344;2,488309292;346,4883093;234,7736138
8,27;350;-6,795642093;343,2043579;239,992668
8,28;354;6,272841802;360,2728418;241,9158157
8,29;357;9,465225048;366,465225;239,2486966
8,3;360;8,508573046;368,508573;251,356776
8,31;366;11,80196705;377,801967;247,123347
8,32;367;10,12394932;377,1239493;260,5407173
8,33;374;-6,91270543;367,0872946;266,499725
8,34;376;-21,97066351;354,0293365;272,0802904
8,35;379;7,405969882;386,4059699;299,4512722
8,36;382;11,71947588;393,7194759;291,627077
8,37;385;-8,330835044;376,669165;294,0720026
8,38;384;-1,747275746;382,2527243;287,9362243
8,39;385;-7,858443496;377,1415565;308,0696128
8,4;384;7,182393347;391,1823933;305,2270765
8,41;385;18,48175089;403,4817509;320,3037834
8,42;384;3,583056696;387,5830567;343,1112016
8,43;383;8,179176803;391,1791768;323,9789679
8,44;382;-6,611753633;375,3882464;331,1419039
8,45;381;-4,821231414;376,1787686;332,6816404
8,46;378;4,758589967;382,75859;351,9404588
8,47;375;7,996686691;382,9966867;346,4883093
8,48;372;7,332710084;379,3327101;343,2043579
8,49;371;4,411867849;375,4118678;360,2728418
8,5;367;6,594632396;373,5946324;366,465225
8,51;362;6,660388863;368,6603889;368,508573
8,52;361;10,47631031;371,4763103;377,801967
8,53;357;-4,392484243;352,6075158;377,1239493
8,54;355;3,352329259;358,3523293;367,0872946
8,55;353;4,731191439;357,7311914;354,0293365
8,56;347;5,288916327;352,2889163;386,4059699
8,57;342;0,746933893;342,7469339;393,7194759
8,58;340;4,627077033;344,627077;376,669165
8,59;338;16,49709702;354,497097;382,2527243
8,6;328;3,336151622;331,3361516;377,1415565
8,61;321;3,834634299;324,8346343;391,1823933
8,62;319;-6,282152754;312,7178472;403,4817509
8,63;308;-3,690115591;304,3098844;387,5830567
8,64;304;13,46420504;317,464205;391,1791768
8,65;299;-4,251387509;294,7486125;375,3882464
8,66;291;1,858461474;292,8584615;376,1787686
8,67;279;-0,323257154;278,6767428;382,75859
8,68;276;11,31413683;287,3141368;382,9966867
8,69;272;9,114251043;281,114251;379,3327101
8,7;265;7,05133516;272,0513352;375,4118678
8,71;263;9,697646419;272,6976464;373,5946324
8,72;261;4,498042472;265,4980425;368,6603889
8,73;240;-7,974608707;232,0253913;371,4763103
8,74;221;-8,978349797;212,0216502;352,6075158
8,75;217;5,577078355;222,5770784;358,3523293
8,76;211;4,421985977;215,421986;357,7311914
8,77;203;-14,96491677;188,0350832;352,2889163
8,78;197;11,37382242;208,3738224;342,7469339
8,79;190;0,512386578;190,5123866;344,627077
8,8;187;6,662298802;193,6622988;354,497097
8,81;183;18,80798663;201,8079866;331,3361516
8,82;179;9,917926036;188,917926;324,8346343
8,83;173;-3,133823157;169,8661768;312,7178472
8,84;163;1,383284598;164,3832846;304,3098844
8,85;158;-0,905833986;157,094166;317,464205
8,86;154;-0,988825377;153,0111746;294,7486125
8,87;150;3,677018867;153,6770189;292,8584615
8,88;148;-16,79673005;131,2032699;278,6767428
8,89;144;-14,61330612;129,3866939;287,3141368
8,9;138;0,587465365;138,5874654;281,114251
8,91;137;-2,792501164;134,2074988;272,0513352
8,92;134;-7,902258403;126,0977416;272,6976464
8,93;131;5,389483704;136,3894837;265,4980425
8,94;130;-11,38405423;118,6159458;232,0253913
8,95;128;-4,67650807;123,3234919;212,0216502
8,96;125;-1,448961484;123,5510385;222,5770784
8,97;124;-7,177436601;116,8225634;215,421986
8,98;122;-13,59990165;108,4000984;188,0350832
8,99;120;-8,825986697;111,1740133;208,3738224
9;119;-3,306240615;115,6937594;190,5123866
9,01;116;0,589761839;116,5897618;193,6622988
9,02;117;23,47078407;140,4707841;201,8079866
9,03;113;-6,809136721;106,1908633;188,917926
9,04;112;4,938419806;116,9384198;169,8661768
9,05;113;4,060393621;117,0603936;164,3832846
9,06;110;1,92387688;111,9238769;157,094166
9,07;108;6,654659046;114,654659;153,0111746
9,08;107;7,079802344;114,0798023;153,6770189
9,09;106;5,953768323;111,9537683;131,2032699
9,1;103;1,935575256;104,9355753;129,3866939
9,11;102;-20,11693141;81,88306859;138,5874654
9,12;104;-0,623481355;103,3765186;134,2074988
9,13;102;10,51744221;112,5174422;126,0977416
9,14;99;4,997264114;103,9972641;136,3894837
9,15;100;-8,281153896;91,7188461;118,6159458
9,16;98;-6,617472081;91,38252792;123,3234919
9,17;97;10,10862434;107,1086243;123,5510385
9,18;97;10,0248144;107,0248144;116,8225634
9,19;96;-14,32777026;81,67222974;108,4000984
9,2;96;2,470164873;98,47016487;111,1740133
9,21;96;-10,86561952;85,13438048;115,6937594
9,22;96;-3,383911462;92,61608854;116,5897618
9,23;97;-11,95062396;85,04937604;140,4707841
9,24;97;-13,43018994;83,56981006;106,1908633
9,25;97;-1,589808107;95,41019189;116,9384198
9,26;97;-4,810055998;92,189944;117,0603936
9,27;97;-6,816867426;90,18313257;111,9238769
9,28;98;-6,30360546;91,69639454;114,654659
9,29;97;5,87631348;102,8763135;114,0798023
9,3;96;-0,435034053;95,56496595;111,9537683
9,31;96;-4,165292466;91,83470753;104,9355753
9,32;94;-7,120161172;86,87983883;81,88306859
9,33;95;21,53083187;116,5308319;103,3765186
9,34;95;-3,351522082;91,64847792;112,5174422
9,35;94;19,11739673;113,1173967;103,9972641
9,36;94;0,477916728;94,47791673;91,7188461
9,37;94;-1,814123607;92,18587639;91,38252792
9,38;94;4,933235687;98,93323569;107,1086243
9,39;94;0,686350177;94,68635018;107,0248144
9,4;94;12,35730451;106,3573045;81,67222974
9,41;94;-1,754267487;92,24573251;98,47016487
9,42;94;2,843444236;96,84344424;85,13438048
9,43;94;-13,039039;80,960961;92,61608854
9,44;94;8,158895071;102,1588951;85,04937604
9,45;94;-16,66649041;77,33350959;83,56981006
9,46;94;-3,295735951;90,70426405;95,41019189
9,47;94;-6,160553312;87,83944669;92,189944
9,48;95;-14,32351837;80,67648163;90,18313257
9,49;97;-4,079515747;92,92048425;91,69639454
9,5;97;-2,244428288;94,75557171;102,8763135
9,51;97;-4,632181572;92,36781843;95,56496595
9,52;97;1,98001544;98,98001544;91,83470753
9,53;97;-5,012873316;91,98712668;86,87983883
9,54;98;5,991250873;103,9912509;116,5308319
9,55;96;9,696418601;105,6964186;91,64847792
9,56;98;-2,805222721;95,19477728;113,1173967
9,57;98;5,033712114;103,0337121;94,47791673
9,58;99;0,867430572;99,86743057;92,18587639
9,59;98;-6,118057172;91,88194283;98,93323569
9,6;100;-7,287735571;92,71226443;94,68635018
9,61;100;-0,733120942;99,26687906;106,3573045
9,62;99;18,97660695;117,976607;92,24573251
9,63;99;1,404919203;100,4049192;96,84344424
9,64;99;11,08921879;110,0892188;80,960961
9,65;100;-5,952847459;94,04715254;102,1588951
9,66;100;14,11126505;114,111265;77,33350959
9,67;101;-9,297718861;91,70228114;90,70426405
9,68;103;12,95536549;115,9553655;87,83944669
9,69;102;1,389457793;103,3894578;80,67648163
9,7;102;4,638991413;106,6389914;92,92048425
9,71;103;9,767677511;112,7676775;94,75557171
9,72;103;18,00899554;121,0089955;92,36781843
9,73;103;6,336301794;109,3363018;98,98001544
9,74;104;1,884154699;105,8841547;91,98712668
9,75;104;-8,356846593;95,64315341;103,9912509
9,76;104;1,823445928;105,8234459;105,6964186
9,77;105;-8,930373951;96,06962605;95,19477728
9,78;107;-7,434186955;99,56581305;103,0337121
9,79;106;7,385870049;113,38587;99,86743057
9,8;106;4,63132892;110,6313289;91,88194283
9,81;106;-7,236963029;98,76303697;92,71226443
9,82;109;2,164483703;111,1644837;99,26687906
9,83;108;-3,09207735;104,9079227;117,976607
9,84;111;-6,921459317;104,0785407;100,4049192
9,85;111;-15,14067662;95,85932338;110,0892188
9,86;110;-2,706701707;107,2932983;94,04715254
9,87;109;-2,402396149;106,5976039;114,111265
9,88;111;7,710332284;118,7103323;91,70228114
9,89;111;6,025152288;117,0251523;115,9553655
9,9;111;-6,039840628;104,9601594;103,3894578
9,91;112;-9,340237739;102,6597623;106,6389914
9,92;111;-7,163589544;103,8364105;112,7676775
9,93;112;-14,74586497;97,25413503;121,0089955
9,94;112;-17,09249773;94,90750227;109,3363018
9,95;112;2,960734946;114,9607349;105,8841547
9,96;112;-9,248333299;102,7516667;95,64315341
9,97;111;11,68759809;122,6875981;105,8234459
9,98;111;-1,134992544;109,8650075;96,06962605
9,99;111;4,87715397;115,877154;99,56581305
10;111;2,795684395;113,7956844;113,38587
10,01;111;19,96868377;130,9686838;110,6313289
10,02;111;20,89946065;131,8994607;98,76303697
10,03;111;2,838669388;113,8386694;111,1644837
10,04;111;-2,311946901;108,6880531;104,9079227
10,05;110;2,556225809;112,5562258;104,0785407
10,06;110;10,08443178;120,0844318;95,85932338
10,07;110;-1,150397111;108,8496029;107,2932983
10,08;110;5,757624422;115,7576244;106,5976039
10,09;110;8,67566996;118,67567;118,7103323
10,1;110;12,6345185;122,6345185;117,0251523
10,11;110;-15,50693014;94,49306986;104,9601594
10,12;111;-6,753293746;104,2467063;102,6597623
10,13;110;-8,179176803;101,8208232;103,8364105
10,14;110;1,606849764;111,6068498;97,25413503
10,15;112;12,90068212;124,9006821;94,90750227
10,16;110;11,84350822;121,8435082;114,9607349
10,17;110;8,425377018;118,425377;102,7516667
10,18;111;-1,294517915;109,7054821;122,6875981
10,19;111;10,25896381;121,2589638;109,8650075
10,2;111;-1,091893864;109,9081061;115,877154
10,21;108;-8,449387678;99,55061232;113,7956844
10,22;108;8,387246453;116,3872465;130,9686838
10,23;108;-2,383512765;105,6164872;131,8994607
10,24;109;-8,60234195;100,3976581;113,8386694
10,25;109;-22,52472768;86,47527232;108,6880531
10,26;109;-0,671775524;108,3282245;112,5562258
10,27;107;-1,20508048;105,7949195;120,0844318
10,28;108;3,226364242;111,2263642;108,8496029
10,29;108;4,678213372;112,6782134;115,7576244
10,3;107;1,500006874;108,5000069;118,67567
10,31;104;22,34464773;126,3446477;122,6345185
10,32;104;-1,405692274;102,5943077;94,49306986
10,33;103;0,941167855;103,9411679;104,2467063
10,34;103;-4,784305929;98,21569407;101,8208232
10,35;102;16,5993697;118,5993697;111,6068498
10,36;102;-8,879192137;93,12080786;124,9006821
10,37;101;-2,89765012;98,10234988;121,8435082
10,38;102;1,948819772;103,9488198;118,425377
10,39;102;3,198169907;105,1981699;109,7054821
10,4;101;-9,808422874;91,19157713;121,2589638
10,41;100;-3,662285053;96,33771495;109,9081061
10,42;100;-5,575293471;94,42470653;99,55061232
10,43;97;3,871707577;100,8717076;116,3872465
10,44;96;0,254385668;96,25438567;105,6164872
10,45;97;-3,907189239;93,09281076;100,3976581
10,46;96;-4,526827979;91,47317202;86,47527232
10,47;95;-8,378560779;86,62143922;108,3282245
10,48;94;8,715846889;102,7158469;105,7949195
10,49;92;8,812435226;100,8124352;111,2263642
10,5;92;-6,756181392;85,24381861;112,6782134
10,51;90;-4,255571184;85,74442882;108,5000069
10,52;89;-10,45250428;78,54749572;126,3446477
10,53;90;-9,277709978;80,72229002;102,5943077
10,54;87;-9,808422874;77,19157713;103,9411679
10,55;88;-15,37091521;72,62908479;98,21569407
10,56;87;-15,77200237;71,22799763;118,5993697
10,57;86;5,114623036;91,11462304;93,12080786
10,58;85;-4,858202374;80,14179763;98,10234988
10,59;83;-10,32781256;72,67218744;103,9488198
10,6;82;-8,46362127;73,53637873;105,1981699
10,61;81;19,25718607;100,2571861;91,19157713
10,62;80;2,681315436;82,68131544;96,33771495
10,63;79;-7,873029517;71,12697048;94,42470653
10,64;76;-7,137919056;68,86208094;100,8717076
10,65;77;22,18948794;99,18948794;96,25438567
10,66;76;4,718367563;80,71836756;93,09281076
10,67;75;-12,41328391;62,58671609;91,47317202
10,68;74;8,193092071;82,19309207;86,62143922
10,69;73;10,89329089;83,89329089;102,7158469
10,7;70;5,741389941;75,74138994;100,8124352
10,71;71;-10,65138804;60,34861196;85,24381861
10,72;70;11,53450739;81,53450739;85,74442882
10,73;68;-8,871256796;59,1287432;78,54749572
10,74;65;2,50015546;67,50015546;80,72229002
10,75;64;-8,17703949;55,82296051;77,19157713
10,76;64;5,558320026;69,55832003;72,62908479
10,77;62;-10,15976068;51,84023932;71,22799763
10,78;59;3,355569334;62,35556933;91,11462304
10,79;58;-6,922437024;51,07756298;80,14179763
10,8;58;-3,248123903;54,7518761;72,67218744
10,81;57;-5,233562206;51,76643779;73,53637873
10,82;56;-1,593684829;54,40631517;100,2571861
10,83;53;-8,469078239;44,53092176;82,68131544
10,84;52;-12,10992195;39,89007805;71,12697048
10,85;53;-11,14312909;41,85687091;68,86208094
10,86;51;-8,533879736;42,46612026;99,18948794
10,87;50;12,83240181;62,83240181;80,71836756
10,88;48;8,640040505;56,64004051;62,58671609
10,89;47;-1,890384738;45,10961526;82,19309207
10,9;46;12,80977813;58,80977813;83,89329089
10,91;43;17,20563887;60,20563887;75,74138994
10,92;42;-2,249919362;39,75008064;60,34861196
10,93;41;-1,084185897;39,9158141;81,53450739
10,94;39;6,577533895;45,5775339;59,1287432
10,95;39;-9,65246727;29,34753273;67,50015546
10,96;37;10,59893293;47,59893293;55,82296051
10,97;36;20,81869752;56,81869752;69,55832003
10,98;36;-3,637762802;32,3622372;51,84023932
10,99;34;-0,317902504;33,6820975;62,35556933
11;31;-6,670893526;24,32910647;51,07756298
11,01;30;-8,243478078;21,75652192;54,7518761
11,02;30;21,61705197;51,61705197;51,76643779
11,03;29;-13,26798156;15,73201844;54,40631517
11,04;27;10,43929387;37,43929387;44,53092176
11,05;26;1,421142315;27,42114231;39,89007805
11,06;24;-5,160018191;18,83998181;41,85687091
11,07;22;1,287571649;23,28757165;42,46612026
11,08;22;3,431739515;25,43173951;62,83240181
11,09;20;0,747695594;20,74769559;56,64004051
11,1;19;-19,7758709;-0,775870896;45,10961526
11,11;18;3,981608643;21,98160864;58,80977813
11,12;17;16,96207619;33,96207619;60,20563887
11,13;15;-3,100899448;11,89910055;39,75008064
11,14;12;14,81198524;26,81198524;39,9158141
11,15;13;14,32777026;27,32777026;45,5775339
11,16;12;-10,72316991;1,276830092;29,34753273
11,17;11;16,04030331;27,04030331;47,59893293
11,18;9;0,29876901;9,29876901;56,81869752
11,19;9;-4,329388048;4,670611952;32,3622372
11,2;7;-1,14962404;5,85037596;33,6820975
11,21;6;-2,223259798;3,776740202;24,32910647
11,22;5;10,31087322;15,31087322;21,75652192
11,23;2;-6,068330549;-4,068330549;51,61705197
11,24;1;-4,916819307;-3,916819307;15,73201844
11,25;1;-7,143830771;-6,143830771;37,43929387
11,26;0;13,36638888;13,36638888;27,42114231
11,27;-1;-5,427546057;-6,427546057;18,83998181
11,28;-2;-8,673441698;-10,6734417;23,28757165
11,29;-3;-13,78941761;-16,78941761;25,43173951
11,3;-3;13,2642981;10,2642981;20,74769559
11,31;-5;4,02801561;-0,97198439;-0,775870896
11,32;-6;-11,78661932;-17,78661932;21,98160864
11,33;-7;27,42162906;20,42162906;33,96207619
11,34;-9;11,91788215;2,917882148;11,89910055
11,35;-10;-7,974608707;-17,97460871;26,81198524
11,36;-12;-11,73773398;-23,73773398;27,32777026
11,37;-12;3,275556537;-8,724443463;1,276830092
11,38;-14;-10,01344572;-24,01344572;27,04030331
11,39;-13;4,202036052;-8,797963948;9,29876901
11,4;-14;2,381932518;-11,61806748;4,670611952
11,41;-16;7,779499356;-8,220500644;5,85037596
11,42;-19;9,413861335;-9,586138665;3,776740202
11,43;-20;5,583331131;-14,41666887;15,31087322
11,44;-19;18,37724994;-0,622750056;-4,068330549
11,45;-20;-15,5145699;-35,5145699;-3,916819307
11,46;-23;15,07601155;-7,92398845;-6,143830771
11,47;-24;-10,17258455;-34,17258455;13,36638888
11,48;-23;1,409546257;-21,59045374;-6,427546057
11,49;-26;12,89188276;-13,10811724;-10,6734417
11,5;-27;0,06616574;-26,93383426;-16,78941761
11,51;-26;-1,826560947;-27,82656095;10,2642981
11,52;-27;-16,88204065;-43,88204065;-0,97198439
11,53;-27;7,517132872;-19,48286713;-17,78661932
11,54;-29;-15,737578;-44,737578;20,42162906
11,55;-31;3,901413947;-27,09858605;2,917882148
11,56;-33;-0,514683052;-33,51468305;-17,97460871
11,57;-34;9,421000868;-24,57899913;-23,73773398
11,58;-35;8,921256267;-26,07874373;-8,724443463
11,59;-36;5,317087926;-30,68291207;-24,01344572
11,6;-36;-9,260065781;-45,26006578;-8,797963948
11,61;-38;7,182393347;-30,81760665;-11,61806748
11,62;-41;-9,412656254;-50,41265625;-8,220500644
11,63;-41;-4,24636255;-45,24636255;-9,586138665
11,64;-41;-0,461830041;-41,46183004;-14,41666887
11,65;-42;-7,498874766;-49,49887477;-0,622750056
11,66;-44;5,169636097;-38,8303639;-35,5145699
11,67;-43;12,87435225;-30,12564775;-7,92398845
11,68;-45;6,463983482;-38,53601652;-34,17258455
11,69;-48;-0,661816557;-48,66181656;-21,59045374
11,7;-47;-8,300571608;-55,30057161;-13,10811724
11,71;-50;4,581988833;-45,41801117;-26,93383426
11,72;-51;-1,625448931;-52,62544893;-27,82656095
11,73;-49;3,203808774;-45,79619123;-43,88204065
11,74;-50;-10,60966497;-60,60966497;-19,48286713
11,75;-53;-3,827221917;-56,82722192;-44,737578
11,76;-54;10,40111783;-43,59888217;-27,09858605
11,77;-54;-6,158700216;-60,15870022;-33,51468305
11,78;-54;14,80739229;-39,19260771;-24,57899913
11,79;-56;4,933235687;-51,06676431;-26,07874373
11,8;-57;-8,1173539;-65,1173539;-30,68291207
11,81;-58;4,995536074;-53,00446393;-45,26006578
11,82;-57;-4,016408184;-61,01640818;-30,81760665
11,83;-59;13,4189122;-45,5810878;-50,41265625
11,84;-60;4,01557827;-55,98442173;-45,24636255
11,85;-61;0,859745342;-60,14025466;-41,46183004
11,86;-60;5,416927706;-54,58307229;-49,49887477
11,87;-61;8,773031368;-52,22696863;-38,8303639
11,88;-63;-19,49711077;-82,49711077;-30,12564775
11,89;-63;-10,65679953;-73,65679953;-38,53601652
11,9;-64;16,80300556;-47,19699444;-48,66181656
11,91;-63;-10,03747911;-73,03747911;-55,30057161
11,92;-65;7,279754755;-57,72024525;-45,41801117
11,93;-67;-2,644856067;-69,64485607;-52,62544893
11,94;-66;-5,849062745;-71,84906275;-45,79619123
11,95;-67;-2,484375727;-69,48437573;-60,60966497
11,96;-68;17,24274625;-50,75725375;-56,82722192
11,97;-70;-5,567244443;-75,56724444;-43,59888217
11,98;-71;-0,185514182;-71,18551418;-60,15870022
11,99;-70;-8,044185051;-78,04418505;-39,19260771
12;-72;8,596794032;-63,40320597;-51,06676431
12,01;-73;-14,82571861;-87,82571861;-65,1173539
12,02;-73;6,975028555;-66,02497145;-53,00446393
12,03;-74;11,94125616;-62,05874384;-61,01640818
12,04;-73;0,863587957;-72,13641204;-45,5810878
12,05;-76;-9,039172255;-85,03917226;-55,98442173
12,06;-76;10,93073934;-65,06926066;-60,14025466
12,07;-77;-9,755353858;-86,75535386;-54,58307229
12,08;-77;-14,00644578;-91,00644578;-52,22696863
12,09;-75;9,635414244;-65,36458576;-82,49711077
12,1;-77;4,818639354;-72,18136065;-73,65679953
12,11;-76;-0,425075086;-76,42507509;-47,19699444
12,12;-76;-0,423551683;-76,42355168;-73,03747911
12,13;-79;-2,185629455;-81,18562946;-57,72024525
12,14;-80;24,21838872;-55,78161128;-69,64485607
12,15;-80;-9,88420652;-89,88420652;-71,84906275
12,16;-81;-2,745605343;-83,74560534;-69,48437573
12,17;-80;3,137040494;-76,86295951;-50,75725375
12,18;-81;-6,634627425;-87,63462743;-75,56724444
12,19;-81;2,936758392;-78,06324161;-71,18551418
12,2;-83;2,320598469;-80,67940153;-78,04418505
12,21;-84;0,276577339;-83,72342266;-63,40320597
12,22;-84;2,664660315;-81,33533969;-87,82571861
12,23;-84;-14,08643584;-98,08643584;-66,02497145
12,24;-85;16,5180154;-68,4819846;-62,05874384
12,25;-85;-6,385937468;-91,38593747;-72,13641204
12,26;-84;3,349907729;-80,65009227;-85,03917226
12,27;-86;12,20605554;-73,79394446;-65,06926066
12,28;-87;5,162632988;-81,83736701;-86,75535386
12,29;-87;21,59340511;-65,40659489;-91,00644578
12,3;-88;-11,96158337;-99,96158337;-65,36458576
12,31;-88;10,38536084;-77,61463916;-72,18136065
12,32;-88;-1,646390047;-89,64639005;-76,42507509
12,33;-87;-5,305628292;-92,30562829;-76,42355168
12,34;-89;-1,988610165;-90,98861017;-81,18562946
12,35;-89;6,184609447;-82,81539055;-55,78161128
12,36;-90;8,36118943;-81,63881057;-89,88420652
12,37;-88;20,82533683;-67,17466317;-83,74560534
12,38;-88;3,836282758;-84,16371724;-76,86295951
12,39;-89;-2,50646508;-91,50646508;-87,63462743
12,4;-91;-9,880454854;-100,8804549;-78,06324161
12,41;-89;-0,373779585;-89,37377959;-80,67940153
12,42;-89;-6,94967639;-95,94967639;-83,72342266
12,43;-92;3,79843641;-88,20156359;-81,33533969
12,44;-93;-5,381525625;-98,38152563;-98,08643584
12,45;-93;1,815669748;-91,18433025;-68,4819846
12,46;-91;-8,964616427;-99,96461643;-91,38593747
12,47;-92;-7,761923371;-99,76192337;-80,65009227
12,48;-92;-2,763874818;-94,76387482;-73,79394446
12,49;-92;11,58223313;-80,41776687;-81,83736701
12,5;-93;-1,462103683;-94,46210368;-65,40659489
12,51;-94;-13,13810571;-107,1381057;-99,96158337
12,52;-94;-3,828040462;-97,82804046;-77,61463916
12,53;-94;4,14945589;-89,85054411;-89,64639005
12,54;-94;9,394807421;-84,60519258;-92,30562829
12,55;-94;1,108821834;-92,89117817;-90,98861017
12,56;-97;6,747541192;-90,25245881;-82,81539055
12,57;-97;1,229750524;-95,77024948;-81,63881057
12,58;-97;13,76374712;-83,23625288;-67,17466317
12,59;-97;22,03087206;-74,96912794;-84,16371724
12,6;-97;-3,027935236;-100,0279352;-91,50646508
12,61;-97;0,527700195;-96,47229981;-100,8804549
12,62;-96;-8,586835065;-104,5868351;-89,37377959
12,63;-99;-8,920119399;-107,9201194;-95,94967639
12,64;-99;7,837616067;-91,16238393;-88,20156359
12,65;-99;16,37604328;-82,62395672;-98,38152563
12,66;-97;-14,24500624;-111,2450062;-91,18433025
12,67;-97;9,331961337;-87,66803866;-99,96461643
12,68;-97;4,299158718;-92,70084128;-99,76192337
12,69;-97;16,90114004;-80,09885996;-94,76387482
12,7;-99;16,69418452;-82,30581548;-80,41776687
12,71;-99;18,07520675;-80,92479325;-94,46210368
12,72;-100;3,316745278;-96,68325472;-107,1381057
12,73;-100;11,17591637;-88,82408363;-97,82804046
12,74;-100;15,02612577;-84,97387423;-89,85054411
12,75;-100;-1,214334588;-101,2143346;-84,60519258
12,76;-101;-13,32164175;-114,3216417;-92,89117817
12,77;-101;-14,2344561;-115,2344561;-90,25245881
12,78;-101;-1,484534096;-102,4845341;-95,77024948
12,79;-101;7,583253137;-93,41674686;-83,23625288
12,8;-101;9,273003343;-91,72699666;-74,96912794
12,81;-101;-17,84119377;-118,8411938;-100,0279352
12,82;-101;-5,424897154;-106,4248972;-96,47229981
12,83;-101;-1,800117388;-102,8001174;-104,5868351
12,84;-100;-24,30533641;-124,3053364;-107,9201194
12,85;-100;6,12360509;-93,87639491;-91,16238393
12,86;-100;-1,099579094;-101,0995791;-82,62395672
12,87;-100;-5,698143468;-105,6981435;-111,2450062
12,88;-102;-7,83034011;-109,8303401;-87,66803866
12,89;-102;-3,803370419;-105,8033704;-92,70084128
12,9;-100;-12,7733756;-112,7733756;-80,09885996
12,91;-100;-17,53055585;-117,5305559;-82,30581548
12,92;-100;-7,674339031;-107,674339;-80,92479325
12,93;-100;0,296472535;-99,70352746;-96,68325472
12,94;-100;-10,78865353;-110,7886535;-88,82408363
12,95;-101;-7,079802344;-108,0798023;-84,97387423
12,96;-101;-17,97043296;-118,970433;-101,2143346
12,97;-101;5,790161595;-95,20983841;-114,3216417
12,98;-101;12,18352281;-88,81647719;-115,2344561
12,99;-103;14,1966666;-88,8033334;-102,4845341
13;-103;-12,36878688;-115,3687869;-93,41674686
13,01;-103;-1,445096132;-104,4450961;-91,72699666
13,02;-103;-28,95612852;-131,9561285;-118,8411938
13,03;-103;-2,113608844;-105,1136088;-106,4248972
13,04;-103;-16,13520908;-119,1352091;-102,8001174
13,05;-103;0,714726411;-102,2852736;-124,3053364
13,06;-103;-3,488594302;-106,4885943;-93,87639491
13,07;-103;-4,726064162;-107,7260642;-101,0995791
13,08;-104;10,33824901;-93,66175099;-105,6981435
13,09;-104;-6,871971436;-110,8719714;-109,8303401
13,1;-102;-15,52220965;-117,5222097;-105,8033704
13,11;-102;-9,063364814;-111,0633648;-112,7733756
13,12;-104;12,16908458;-91,83091542;-117,5305559
13,13;-104;6,857453627;-97,14254637;-107,674339
13,14;-104;-12,10355549;-116,1035555;-99,70352746
13,15;-104;17,05957402;-86,94042598;-110,7886535
13,16;-104;8,316783351;-95,68321665;-108,0798023
13,17;-104;-6,400955499;-110,4009555;-118,970433
13,18;-104;-11,98663995;-115,9866399;-95,20983841
13,19;-104;4,935827747;-99,06417225;-88,81647719
13,2;-104;-1,658804649;-105,6588046;-88,8033334
13,21;-104;4,414391697;-99,5856083;-115,3687869
13,22;-102;-1,616933787;-103,6169338;-104,4450961
13,23;-102;1,305318165;-100,6946818;-131,9561285
13,24;-102;17,71122697;-84,28877303;-105,1136088
13,25;-102;19,89628799;-82,10371201;-119,1352091
13,26;-102;-10,72587565;-112,7258757;-102,2852736
13,27;-102;4,910782536;-97,08921746;-106,4885943
13,28;-103;-2,301737823;-105,3017378;-107,7260642
13,29;-103;-8,127983619;-111,1279836;-93,66175099
13,3;-103;-5,254628377;-108,2546284;-110,8719714
13,31;-103;15,59665179;-87,40334821;-117,5222097
13,32;-103;3,18207185;-99,81792815;-111,0633648
13,33;-105;-8,712504496;-113,7125045;-91,83091542
13,34;-103;8,729284673;-94,27071533;-97,14254637
13,35;-103;19,27182893;-83,72817107;-116,1035555
13,36;-103;-18,71021595;-121,710216;-86,94042598
13,37;-105;14,0289103;-90,9710897;-95,68321665
13,38;-104;-1,924661319;-105,9246613;-110,4009555
13,39;-104;9,464019968;-94,53598003;-115,9866399
13,4;-104;-14,17570274;-118,1757027;-99,06417225
13,41;-104;8,451581834;-95,54841817;-105,6588046
13,42;-104;-11,54044185;-115,5404418;-99,5856083
13,43;-104;-1,394869287;-105,3948693;-103,6169338
13,44;-104;9,079531083;-94,92046892;-100,6946818
13,45;-104;2,034664703;-101,9653353;-84,28877303
13,46;-104;-0,373779585;-104,3737796;-82,10371201
13,47;-104;-9,499990483;-113,4999905;-112,7258757
13,48;-104;-0,334739525;-104,3347395;-97,08921746
13,49;-104;-8,272536434;-112,2725364;-105,3017378
13,5;-104;-8,231677384;-112,2316774;-111,1279836
13,51;-104;8,54818154;-95,45181846;-108,2546284
13,52;-104;0,414354417;-103,5856456;-87,40334821
13,53;-104;-2,235799457;-106,2357995;-99,81792815
13,54;-104;-1,225885171;-105,2258852;-113,7125045
13,55;-104;-9,116570254;-113,1165703;-94,27071533
13,56;-104;11,58223313;-92,41776687;-83,72817107
13,57;-104;-4,081175575;-108,0811756;-121,710216
13,58;-104;-9,489190234;-113,4891902;-90,9710897
13,59;-105;11,118982;-93,881018;-105,9246613
13,6;-105;-10,40111783;-115,4011178;-94,53598003
13,61;-105;14,43972906;-90,56027094;-118,1757027
13,62;-105;-17,9206836;-122,9206836;-95,54841817
13,63;-105;16,69109224;-88,30890776;-115,5404418
13,64;-105;-6,774462236;-111,7744622;-105,3948693
13,65;-105;-3,72043587;-108,7204359;-94,92046892
13,66;-105;-9,745508578;-114,7455086;-101,9653353
13,67;-105;0,202351202;-104,7976488;-104,3737796
13,68;-105;-8,702431842;-113,7024318;-113,4999905
13,69;-106;-2,503315955;-108,503316;-104,3347395
13,7;-106;-5,68284122;-111,6828412;-112,2725364
13,71;-109;5,754918675;-103,2450813;-112,2316774
13,72;-109;9,081850294;-99,91814971;-95,45181846
13,73;-109;11,33300884;-97,66699116;-103,5856456
13,74;-109;-0,117427135;-109,1174271;-106,2357995
13,75;-109;-7,565927262;-116,5659273;-105,2258852
13,76;-109;11,53450739;-97,46549261;-113,1165703
13,77;-109;20,44598659;-88,55401341;-92,41776687
13,78;-109;-5,940978554;-114,9409786;-108,0811756
13,79;-109;5,961078386;-103,0389216;-113,4891902
13,8;-107;-3,210243449;-110,2102434;-93,881018
13,81;-108;13,69112397;-94,30887603;-115,4011178
13,82;-107;13,33096407;-93,66903593;-90,56027094
13,83;-107;-4,421144695;-111,4211447;-122,9206836
13,84;-109;2,787726316;-106,2122737;-88,30890776
13,85;-110;-2,856984338;-112,8569843;-111,7744622
13,86;-110;17,37616913;-92,62383087;-108,7204359
13,87;-108;6,484742698;-101,5152573;-114,7455086
13,88;-108;7,454377737;-100,5456223;-104,7976488
13,89;-109;-1,537921435;-110,5379214;-113,7024318
13,9;-109;21,05134627;-87,94865373;-108,503316
13,91;-109;7,247899703;-101,7521003;-111,6828412
13,92;-109;0,884324436;-108,1156756;-103,2450813
13,93;-109;-5,669357961;-114,669358;-99,91814971
13,94;-109;-12,46303327;-121,4630333;-97,66699116
13,95;-109;-8,906454241;-117,9064542;-109,1174271
13,96;-109;1,118826276;-107,8811737;-116,5659273
13,97;-110;-0,232955699;-110,2329557;-97,46549261
13,98;-110;3,696663953;-106,303336;-88,55401341
13,99;-110;1,282944595;-108,7170554;-114,9409786
14;-108;-8,45377599;-116,453776;-103,0389216
14,01;-110;-7,097503385;-117,0975034;-110,2102434
14,02;-110;-2,541219146;-112,5412191;-94,30887603
14,03;-109;11,73164037;-97,26835963;-93,66903593
14,04;-109;3,603463483;-105,3965365;-111,4211447
14,05;-108;24,43957783;-83,56042217;-106,2122737
14,06;-108;9,05415618;-98,94584382;-112,8569843
14,07;-108;10,00082648;-97,99917352;-92,62383087
14,08;-108;-3,714694685;-111,7146947;-101,5152573
14,09;-108;-4,739752058;-112,7397521;-100,5456223
14,1;-108;3,430932338;-104,5690677;-110,5379214
14,11;-108;-1,941032224;-109,9410322;-87,94865373
14,12;-108;-5,568142569;-113,5681426;-101,7521003
14,13;-108;-10,1777232;-118,1777232;-108,1156756
14,14;-108;-8,780898497;-116,7808985;-114,669358
14,15;-108;3,147488314;-104,8525117;-121,4630333
14,16;-107;12,31474016;-94,68525984;-117,9064542
14,17;-107;-4,744038051;-111,7440381;-107,8811737
14,18;-107;-16,28891368;-123,2889137;-110,2329557
14,19;-107;-8,242409422;-115,2424094;-106,303336
14,2;-107;21,69690561;-85,30309439;-108,7170554
14,21;-107;0,177874426;-106,8221256;-116,453776
14,22;-107;-12,3081918;-119,3081918;-117,0975034
14,23;-107;-18,59689291;-125,5968929;-112,5412191
14,24;-107;11,60469765;-95,39530235;-97,26835963
14,25;-107;2,741626304;-104,2583737;-105,3965365
14,26;-108;8,320012057;-99,67998794;-83,56042217
14,27;-108;-19,12685548;-127,1268555;-98,94584382
14,28;-110;2,694002887;-107,3059971;-97,99917352
14,29;-110;1,617706857;-108,3822931;-111,7146947
14,3;-110;2,564922852;-107,4350771;-112,7397521
14,31;-110;-5,60121407;-115,6012141;-104,5690677
14,32;-110;6,554751053;-103,4452489;-109,9410322
14,33;-110;2,664660315;-107,3353397;-113,5681426
14,34;-110;0,041688963;-109,958311;-118,1777232
14,35;-110;-3,495097189;-113,4950972;-116,7808985
14,36;-110;3,81899099;-106,181009;-104,8525117
14,37;-107;-12,45307431;-119,4530743;-94,68525984
14,38;-107;0,386796728;-106,6132033;-111,7440381
14,39;-107;-6,143909559;-113,1439096;-123,2889137
14,4;-107;2,071385552;-104,9286144;-115,2424094
14,41;-107;11,21745754;-95,78254246;-85,30309439
14,42;-107;22,5732947;-84,4267053;-106,8221256
14,43;-110;-7,389883194;-117,3898832;-119,3081918
14,44;-110;2,313515779;-107,6864842;-125,5968929
14,45;-110;-13,29199222;-123,2919922;-95,39530235
14,46;-110;8,214510672;-101,7854893;-104,2583737
14,47;-110;5,259016689;-104,7409833;-99,67998794
14,48;-110;1,716216502;-108,2837835;-127,1268555
14,49;-110;9,421000868;-100,5789991;-107,3059971
14,5;-110;-12,59213604;-122,592136;-108,3822931
14,51;-110;5,185370355;-104,8146296;-107,4350771
14,52;-110;-2,948740985;-112,948741;-115,6012141
14,53;-110;-8,743859325;-118,7438593;-103,4452489
14,54;-110;11,14883617;-98,85116383;-107,3353397
14,55;-110;18,41463018;-91,58536982;-109,958311
14,56;-110;0,392924449;-109,6070756;-113,4950972
14,57;-110;-11,73468718;-121,7346872;-106,181009
14,58;-110;4,647517926;-105,3524821;-119,4530743
14,59;-110;-21,03033694;-131,0303369;-106,6132033
14,6;-110;-15,5273483;-125,5273483;-113,1439096
14,61;-109;16,15489964;-92,84510036;-104,9286144
14,62;-109;-9,464019968;-118,46402;-95,78254246
14,63;-109;1,5116143;-107,4883857;-84,4267053
14,64;-109;1,2767714;-107,7232286;-117,3898832
14,65;-109;1,965986485;-107,0340135;-107,6864842
14,66;-109;2,681315436;-106,3186846;-123,2919922
14,67;-109;-3,211050625;-112,2110506;-101,7854893
14,68;-109;-0,59588956;-109,5958896;-104,7409833
14,69;-107;1,52786015;-105,4721399;-108,2837835
14,7;-107;8,267147678;-98,73285232;-100,5789991
14,71;-107;-10,79822596;-117,798226;-122,592136
14,72;-109;13,59412636;-95,40587364;-104,8146296
14,73;-109;8,896222425;-100,1037776;-112,948741
14,74;-109;-16,66958269;-125,6695827;-118,7438593
14,75;-109;-6,292407306;-115,2924073;-98,85116383
14,76;-109;-9,391237654;-118,3912377;-91,58536982
14,77;-109;-5,200263331;-114,2002633;-109,6070756
14,78;-109;-6,798541108;-115,7985411;-121,7346872
14,79;-109;-7,376820577;-116,3768206;-105,3524821
14,8;-109;11,7988975;-97,2011025;-131,0303369
14,81;-109;-1,333103228;-110,3331032;-125,5273483
14,82;-109;7,432163329;-101,5678367;-92,84510036
14,83;-108;0,105956133;-107,8940439;-118,46402
14,84;-108;-3,349907729;-111,3499077;-107,4883857
14,85;-108;1,042644726;-106,9573553;-107,7232286
14,86;-108;-3,736840881;-111,7368409;-107,0340135
14,87;-106;0,806016942;-105,1939831;-106,3186846
14,88;-107;9,284758562;-97,71524144;-112,2110506
14,89;-107;16,99440872;-90,00559128;-109,5958896
14,9;-107;2,590229542;-104,4097705;-105,4721399
14,91;-107;10,52144398;-96,47855602;-98,73285232
14,92;-107;-15,20597834;-122,2059783;-117,798226
14,93;-107;-2,116735232;-109,1167352;-95,40587364
14,94;-107;-6,015989129;-113,0159891;-100,1037776
14,95;-104;11,09910954;-92,90089046;-125,6695827
14,96;-104;-3,193338216;-107,1933382;-115,2924073
14,97;-104;-10,70957296;-114,709573;-118,3912377
14,98;-104;-24,1190719;-128,1190719;-114,2002633
14,99;-104;-6,028835742;-110,0288357;-115,7985411
15;-106;-5,577976481;-111,5779765;-116,3768206
15,01;-106;-12,2935262;-118,2935262;-97,2011025
15,02;-106;3,745867616;-102,2541324;-110,3331032
15,03;-106;6,454558843;-99,54544116;-101,5678367
15,04;-105;6,308277989;-98,69172201;-107,8940439
15,05;-105;-7,179414752;-112,1794148;-111,3499077
15,06;-106;8,595679901;-97,4043201;-106,9573553
15,07;-106;8,50966444;-97,49033556;-111,7368409
15,08;-106;-1,028035967;-107,028036;-105,1939831
15,09;-106;7,191306395;-98,80869361;-97,71524144
15,1;-106;10,79961294;-95,20038706;-90,00559128
15,11;-106;0,991121851;-105,0088781;-104,4097705
15,12;-106;-12,80805009;-118,8080501;-96,47855602
15,13;-106;2,9375542;-103,0624458;-122,2059783
15,14;-106;23,41112122;-82,58887878;-109,1167352
15,15;-104;-15,26705091;-119,2670509;-113,0159891
15,16;-105;11,27505129;-93,72494871;-92,90089046
15,17;-105;-21,43096935;-126,4309694;-107,1933382
15,18;-104;-1,315356712;-105,3153567;-114,709573
15,19;-103;-4,078685834;-107,0786858;-128,1190719
15,2;-103;-8,280062502;-111,2800625;-110,0288357
15,21;-103;-10,2602371;-113,2602371;-111,5779765
15,22;-103;5,216907084;-97,78309292;-118,2935262
15,23;-103;-2,813976607;-105,8139766;-102,2541324
15,24;-102;-5,051083463;-107,0510835;-99,54544116
15,25;-102;-10,11117092;-112,1111709;-98,69172201
15,26;-103;2,661499821;-100,3385002;-112,1794148
15,27;-103;-3,546369953;-106,54637;-97,4043201
15,28;-104;-28,57268555;-132,5726856;-97,49033556
15,29;-104;-8,833899301;-112,8338993;-107,028036
15,3;-104;-5,655897439;-109,6558974;-98,80869361
15,31;-104;1,991725185;-102,0082748;-95,20038706
